PDE,Filename,URL,Path,MD5
2D_CFD,2D_CFD_Rand_M0.1_Eta0.01_Zeta0.01_periodic_128_Train.hdf5,https://darus.uni-stuttgart.de/api/access/datafile/164687,2D/CFD/2D_Train_Rand/,5b21dcccaef4d2145ca579a71153c580
2D_CFD,2D_CFD_Rand_M0.1_Eta0.1_Zeta0.1_periodic_128_Train.hdf5,https://darus.uni-stuttgart.de/api/access/datafile/164688,2D/CFD/2D_Train_Rand/,b2733888745a1d64e36df813e979910b
2D_CFD,2D_CFD_Rand_M0.1_Eta1e-08_Zeta1e-08_periodic_512_Train.hdf5,https://darus.uni-stuttgart.de/api/access/datafile/164689,2D/CFD/2D_Train_Rand/,ae2552864d0856f58dc74132a2f95d20
2D_CFD,2D_CFD_Rand_M1.0_Eta0.01_Zeta0.01_periodic_128_Train.hdf5,https://darus.uni-stuttgart.de/api/access/datafile/164690,2D/CFD/2D_Train_Rand/,21969082d0e9524bcc4708e216148e60
2D_CFD,2D_CFD_Rand_M1.0_Eta0.1_Zeta0.1_periodic_128_Train.hdf5,https://darus.uni-stuttgart.de/api/access/datafile/164691,2D/CFD/2D_Train_Rand/,75a34f34a3dcd9bc8ae4b7adf8bf372c
2D_CFD,2D_CFD_Rand_M1.0_Eta1e-08_Zeta1e-08_periodic_512_Train.hdf5,https://darus.uni-stuttgart.de/api/access/datafile/164692,2D/CFD/2D_Train_Rand/,04fcc44c39acea69e2869b84cd653d4a
2D_CFD,2D_CFD_Turb_M0.1_Eta1e-08_Zeta1e-08_periodic_512_Train.hdf5,https://darus.uni-stuttgart.de/api/access/datafile/164685,2D/CFD/2D_Train_Turb/,844555000d342d2947162c6cf46798e7
2D_CFD,2D_CFD_Turb_M1.0_Eta1e-08_Zeta1e-08_periodic_512_Train.hdf5,https://darus.uni-stuttgart.de/api/access/datafile/164686,2D/CFD/2D_Train_Turb/,3f2c7376cde5fb072db0f9814f1c6992
2D_CFD,2D_shock.hdf5,https://darus.uni-stuttgart.de/api/access/datafile/133193,2D/CFD/Test/2DShock/,b4098c20e2e0a25cd8ee229c9294b899
2D_CFD,KH_M01_dk10_Re1e3.hdf5,https://darus.uni-stuttgart.de/api/access/datafile/133209,2D/CFD/Test/KH/,54e278b3a7419107a5cd6a8a019225d5
2D_CFD,KH_M01_dk1_Re1e3.hdf5,https://darus.uni-stuttgart.de/api/access/datafile/133210,2D/CFD/Test/KH/,29ce31d3ce61de3b90ac0b42716c061c
2D_CFD,KH_M01_dk2_Re1e3.hdf5,https://darus.uni-stuttgart.de/api/access/datafile/133211,2D/CFD/Test/KH/,de0b2a3343de028e4c162723ec571713
2D_CFD,KH_M01_dk5_Re1e3.hdf5,https://darus.uni-stuttgart.de/api/access/datafile/133212,2D/CFD/Test/KH/,5bcaed9eb7db5fd55d51f7347a938413
2D_CFD,KH_M02_dk1_Re1e3.hdf5,https://darus.uni-stuttgart.de/api/access/datafile/133213,2D/CFD/Test/KH/,fbc392f83affc2224a5703dad7bda28a
2D_CFD,KH_M04_dk1_Re1e3.hdf5,https://darus.uni-stuttgart.de/api/access/datafile/133214,2D/CFD/Test/KH/,66626c935ab070a1e5df52bcf6aeccc7
2D_CFD,KH_M1_dk1_Re1e3.hdf5,https://darus.uni-stuttgart.de/api/access/datafile/133215,2D/CFD/Test/KH/,338393c118196048a38d1df731a33b0a
2D_CFD,OTVortex.hdf5,https://darus.uni-stuttgart.de/api/access/datafile/133216,2D/CFD/Test/TOV/,3b68cb29e3d1906a19ce2cb4ce71faa4
NS_Incom,ns_incom_inhom_2d_512-0.h5,https://darus.uni-stuttgart.de/api/access/datafile/133280,2D/NS_incom/,54109d46f9c957317bd670ddb2068ac0
NS_Incom,ns_incom_inhom_2d_512-1.h5,https://darus.uni-stuttgart.de/api/access/datafile/136439,2D/NS_incom/,e280fd3208fccb8ad5c1ff46c4796864
NS_Incom,ns_incom_inhom_2d_512-10.h5,https://darus.uni-stuttgart.de/api/access/datafile/133309,2D/NS_incom/,f497297295ce3f2ebfefd81d00de31da
NS_Incom,ns_incom_inhom_2d_512-100.h5,https://darus.uni-stuttgart.de/api/access/datafile/133267,2D/NS_incom/,fcf3b743fc82ac8706cfa85a7b259dcd
NS_Incom,ns_incom_inhom_2d_512-101.h5,https://darus.uni-stuttgart.de/api/access/datafile/133289,2D/NS_incom/,9d1cd827c95f80975d09eae0b4e6c3da
NS_Incom,ns_incom_inhom_2d_512-102.h5,https://darus.uni-stuttgart.de/api/access/datafile/133291,2D/NS_incom/,ce1f0a7a5e52bf49db43084eef367639
NS_Incom,ns_incom_inhom_2d_512-103.h5,https://darus.uni-stuttgart.de/api/access/datafile/133294,2D/NS_incom/,4e0a5f39d14745adf96655f220329550
NS_Incom,ns_incom_inhom_2d_512-104.h5,https://darus.uni-stuttgart.de/api/access/datafile/133298,2D/NS_incom/,52f59ffdef04338f2630e98e32448086
NS_Incom,ns_incom_inhom_2d_512-105.h5,https://darus.uni-stuttgart.de/api/access/datafile/133290,2D/NS_incom/,1010c2d0c807e5e355e336fe8d905067
NS_Incom,ns_incom_inhom_2d_512-106.h5,https://darus.uni-stuttgart.de/api/access/datafile/133374,2D/NS_incom/,1127b6e69bd83b128a9420ae58187729
NS_Incom,ns_incom_inhom_2d_512-107.h5,https://darus.uni-stuttgart.de/api/access/datafile/133375,2D/NS_incom/,38e676bfd97cc946cd6db2af48c487bf
NS_Incom,ns_incom_inhom_2d_512-108.h5,https://darus.uni-stuttgart.de/api/access/datafile/133376,2D/NS_incom/,0355430cc9cee8e921378eda7c1c6b84
NS_Incom,ns_incom_inhom_2d_512-109.h5,https://darus.uni-stuttgart.de/api/access/datafile/133305,2D/NS_incom/,eff2dd6e71649bb3f9f37f951bd54d63
NS_Incom,ns_incom_inhom_2d_512-11.h5,https://darus.uni-stuttgart.de/api/access/datafile/133336,2D/NS_incom/,3342616df260d3ec60fbf24dfaabf9ae
NS_Incom,ns_incom_inhom_2d_512-110.h5,https://darus.uni-stuttgart.de/api/access/datafile/133313,2D/NS_incom/,d9739419a2100b390742acf88e4548b3
NS_Incom,ns_incom_inhom_2d_512-111.h5,https://darus.uni-stuttgart.de/api/access/datafile/133318,2D/NS_incom/,ea5239ab7204d53c476f48739a4e0d78
NS_Incom,ns_incom_inhom_2d_512-112.h5,https://darus.uni-stuttgart.de/api/access/datafile/133324,2D/NS_incom/,cdaf99ff4ef69ee79ad60648a06259d7
NS_Incom,ns_incom_inhom_2d_512-113.h5,https://darus.uni-stuttgart.de/api/access/datafile/133377,2D/NS_incom/,aee8074da1cf6e19ee421a7b86caeaa3
NS_Incom,ns_incom_inhom_2d_512-114.h5,https://darus.uni-stuttgart.de/api/access/datafile/133378,2D/NS_incom/,f1b4550b00a887771e79a81c7336a4b0
NS_Incom,ns_incom_inhom_2d_512-115.h5,https://darus.uni-stuttgart.de/api/access/datafile/133379,2D/NS_incom/,0756d685a754b84337d1de7280572c85
NS_Incom,ns_incom_inhom_2d_512-116.h5,https://darus.uni-stuttgart.de/api/access/datafile/133380,2D/NS_incom/,f7c55c110dcf0aeaed03699bc0942f0d
NS_Incom,ns_incom_inhom_2d_512-117.h5,https://darus.uni-stuttgart.de/api/access/datafile/133381,2D/NS_incom/,375331e30111457028de38b89e03c404
NS_Incom,ns_incom_inhom_2d_512-118.h5,https://darus.uni-stuttgart.de/api/access/datafile/133383,2D/NS_incom/,6d2fbe4a0e32e1934d349616ca6b85d8
NS_Incom,ns_incom_inhom_2d_512-119.h5,https://darus.uni-stuttgart.de/api/access/datafile/133385,2D/NS_incom/,993112f4fe3910230005cc35099c7d59
NS_Incom,ns_incom_inhom_2d_512-12.h5,https://darus.uni-stuttgart.de/api/access/datafile/133574,2D/NS_incom/,71f407084513d7c0e93377c1b46e4bb4
NS_Incom,ns_incom_inhom_2d_512-120.h5,https://darus.uni-stuttgart.de/api/access/datafile/133386,2D/NS_incom/,f7c0b147e5b3f217a1d534f303ab52f4
NS_Incom,ns_incom_inhom_2d_512-121.h5,https://darus.uni-stuttgart.de/api/access/datafile/133441,2D/NS_incom/,785d733406eeec2694eb89769f72971b
NS_Incom,ns_incom_inhom_2d_512-122.h5,https://darus.uni-stuttgart.de/api/access/datafile/133346,2D/NS_incom/,eeb2488aa0a5d1f14069dcfaaa0da71d
NS_Incom,ns_incom_inhom_2d_512-123.h5,https://darus.uni-stuttgart.de/api/access/datafile/133442,2D/NS_incom/,57e341bea82fd33ec095e7070fd1ae38
NS_Incom,ns_incom_inhom_2d_512-124.h5,https://darus.uni-stuttgart.de/api/access/datafile/133443,2D/NS_incom/,6aba12029ab0ddb165c1c71f3b1c8f27
NS_Incom,ns_incom_inhom_2d_512-125.h5,https://darus.uni-stuttgart.de/api/access/datafile/133444,2D/NS_incom/,2b15572d1dda8048ab9713c2318d9322
NS_Incom,ns_incom_inhom_2d_512-126.h5,https://darus.uni-stuttgart.de/api/access/datafile/133303,2D/NS_incom/,56bcc085c7c0d303dedf147e6c608730
NS_Incom,ns_incom_inhom_2d_512-127.h5,https://darus.uni-stuttgart.de/api/access/datafile/133292,2D/NS_incom/,71b5191ed81e86ec68f0a7bcd6a07759
NS_Incom,ns_incom_inhom_2d_512-128.h5,https://darus.uni-stuttgart.de/api/access/datafile/133454,2D/NS_incom/,72b8110ec99098530494bbf0b64f51f7
NS_Incom,ns_incom_inhom_2d_512-129.h5,https://darus.uni-stuttgart.de/api/access/datafile/133293,2D/NS_incom/,0e2cda441dec2c19ffaefd8ad035220e
NS_Incom,ns_incom_inhom_2d_512-13.h5,https://darus.uni-stuttgart.de/api/access/datafile/133304,2D/NS_incom/,424f6d2ab607612599645442a45234cf
NS_Incom,ns_incom_inhom_2d_512-130.h5,https://darus.uni-stuttgart.de/api/access/datafile/133295,2D/NS_incom/,8a6f6b785ce64aecc9f46a31650662d0
NS_Incom,ns_incom_inhom_2d_512-131.h5,https://darus.uni-stuttgart.de/api/access/datafile/133275,2D/NS_incom/,3c4541c0ed411fdc9641b27978318ad6
NS_Incom,ns_incom_inhom_2d_512-132.h5,https://darus.uni-stuttgart.de/api/access/datafile/133296,2D/NS_incom/,3c4541c0ed411fdc9641b27978318ad6
NS_Incom,ns_incom_inhom_2d_512-133.h5,https://darus.uni-stuttgart.de/api/access/datafile/133297,2D/NS_incom/,ba2bb63092d5d0cb8fae29a0c18ff851
NS_Incom,ns_incom_inhom_2d_512-134.h5,https://darus.uni-stuttgart.de/api/access/datafile/133269,2D/NS_incom/,4b0b6e0c3d22772ea20dc4c3e07c5e7d
NS_Incom,ns_incom_inhom_2d_512-135.h5,https://darus.uni-stuttgart.de/api/access/datafile/133274,2D/NS_incom/,e48583df141230425ea36d093b0b46f6
NS_Incom,ns_incom_inhom_2d_512-136.h5,https://darus.uni-stuttgart.de/api/access/datafile/133299,2D/NS_incom/,4b0b6e0c3d22772ea20dc4c3e07c5e7d
NS_Incom,ns_incom_inhom_2d_512-137.h5,https://darus.uni-stuttgart.de/api/access/datafile/133300,2D/NS_incom/,e48583df141230425ea36d093b0b46f6
NS_Incom,ns_incom_inhom_2d_512-138.h5,https://darus.uni-stuttgart.de/api/access/datafile/133302,2D/NS_incom/,294b49a65b2fc861e23dfc40098d6e91
NS_Incom,ns_incom_inhom_2d_512-139.h5,https://darus.uni-stuttgart.de/api/access/datafile/133575,2D/NS_incom/,14c9705c20d630e08f4387cc4880a646
SWE,2D_rdb_NA_NA.h5,https://darus.uni-stuttgart.de/api/access/datafile/133021,2D/shallow-water/,75d838c47aa410694bdc912ea7f22282
